<?xml version="1.0" encoding="utf-8"?>
<!-- Copyright (C) 2016 The Android Open Source Project

     Licensed under the Apache License, Version 2.0 (the "License");
     you may not use this file except in compliance with the License.
     You may obtain a copy of the License at

          http://www.apache.org/licenses/LICENSE-2.0

     Unless required by applicable law or agreed to in writing, software
     distributed under the License is distributed on an "AS IS" BASIS,
     WITHOUT WARRANTIES OR CONDITIONS OF ANY KIND, either express or implied.
     See the License for the specific language governing permissions and
     limitations under the License.
-->

<permissions>
    <feature name="android.software.freeform_window_management" />
    <feature name="android.hardware.ethernet" />

    <!-- Disallow device admin and profile owner on Anbox-->
    <unavailable-feature name="android.software.device_admin" />
    <unavailable-feature name="android.software.managed_users" />

    <!-- Disable support for hardware we don't support -->
    <unavailable-feature name="android.hardware.usb.accessory" />
    <unavailable-feature name="android.hardware.usb.host" />
    <unavailable-feature name="android.hardware.wifi" />
    <unavailable-feature name="android.hardware.bluetooth" />
    <unavailable-feature name="android.hardware.bluetooth_le" />
    <unavailable-feature name="android.hardware.sensor.compass" />
    <unavailable-feature name="android.hardware.sensor.accelerometer" />
</permissions>

